Group,X,Y
"20kHz",4.43354258,3.32255880
"20kHz",5.00902534,3.56703689
"30kHz",6.15800585,5.74756443
"30kHz",6.72111310,6.48417094
